Date,Open,High,Low,Close,Adj Close,Volume,Log_Ret,Volatility
2018-06-01,29.489999771118164,29.65999984741211,29.309999465942383,29.399999618530273,28.072586059570312,64796600,,
2018-06-04,29.549999237060547,29.59000015258789,29.329999923706055,29.399999618530273,28.072586059570312,43777000,0.0,
2018-06-05,29.309999465942383,29.34000015258789,29.059999465942383,29.1200008392334,27.805225372314453,47690800,-0.009569409221162041,
2018-06-06,29.290000915527344,30.049999237060547,29.280000686645508,30.040000915527344,28.683692932128906,74995800,0.03110460522456269,
2018-06-07,30.200000762939453,30.309999465942383,29.889999389648438,30.09000015258789,28.731430053710938,68402700,0.0016630383401279687,
2018-06-08,30.010000228881836,30.049999237060547,29.809999465942383,30.010000228881836,28.65504264831543,49572900,-0.0026622286338757713,
2018-06-11,30.1299991607666,30.40999984741211,30.059999465942383,30.059999465942383,28.70278549194336,46732800,0.0016646994793124658,
2018-06-12,30.170000076293945,30.270000457763672,29.75,29.899999618530273,28.550012588500977,49644600,-0.005336898919984675,
2018-06-13,29.979999542236328,30.360000610351562,29.700000762939453,29.84000015258789,28.492717742919922,68900200,-0.002008687189360536,
2018-06-14,30.040000915527344,30.049999237060547,29.3799991607666,29.5,28.16806983947754,77863200,-0.011459517103321156,
2018-06-15,29.25,29.40999984741211,28.8700008392334,29.280000686645508,27.9580020904541,105079500,-0.007485550801655807,
2018-06-18,28.940000534057617,29.5,28.809999465942383,29.399999618530273,28.072586059570312,52644100,0.004089948825356866,
2018-06-19,29.040000915527344,29.3700008392334,28.950000762939453,29.260000228881836,27.938907623291016,65466200,-0.004773257955151081,
2018-06-20,29.420000076293945,29.5,29.18000030517578,29.239999771118164,27.919809341430664,52256500,-0.0006837763604423659,
2018-06-21,29.209999084472656,29.450000762939453,29.0,29.290000915527344,27.96755027770996,68322600,0.0017085650430950236,
2018-06-22,29.459999084472656,29.520000457763672,28.989999771118164,28.989999771118164,27.681095123291016,76079200,-0.01029525705861217,
2018-06-25,28.860000610351562,28.90999984741211,28.260000228881836,28.479999542236328,27.194122314453125,73616400,-0.017748864567752237,
2018-06-26,28.520000457763672,28.670000076293945,28.010000228881836,28.540000915527344,27.251415252685547,56369300,0.002104573656821308,
2018-06-27,28.510000228881836,28.850000381469727,28.239999771118164,28.239999771118164,26.9649600982666,61764400,-0.01056723960727305,
2018-06-28,28.399999618530273,28.84000015258789,28.299999237060547,28.670000076293945,27.37554359436035,71292100,0.015111878036225213,
2018-06-29,29.09000015258789,29.170000076293945,28.18000030517578,28.190000534057617,26.917217254638672,102307600,-0.01688395848543332,
2018-07-02,28.079999923706055,28.280000686645508,27.829999923706055,28.280000686645508,27.00315284729004,52534300,0.003187541237670706,
2018-07-03,28.329999923706055,28.43000030517578,27.739999771118164,27.780000686645508,26.525728225708008,40599000,-0.01783850326516477,
2018-07-05,27.950000762939453,28.079999923706055,27.809999465942383,27.920000076293945,26.659406661987305,44506800,0.005026918583304622,
2018-07-06,27.809999465942383,28.149999618530273,27.6299991607666,28.030000686645508,26.764442443847656,39424900,0.0039321090467410395,
2018-07-09,28.229999542236328,29.09000015258789,28.219999313354492,29.049999237060547,27.738388061523438,61758900,0.03574306736143995,
2018-07-10,29.219999313354492,29.329999923706055,28.75,28.829999923706055,27.5283203125,58858400,-0.007601948030971758,
2018-07-11,28.670000076293945,28.90999984741211,28.6200008392334,28.68000030517578,27.38509750366211,50218900,-0.005216482631834917,
2018-07-12,28.899999618530273,28.969999313354492,28.65999984741211,28.770000457763672,27.471031188964844,51700700,0.003133167102465195,
2018-07-13,28.6200008392334,28.690000534057617,28.219999313354492,28.549999237060547,27.260961532592773,75178000,-0.007676284095506683,
2018-07-16,28.780000686645508,29.850000381469727,28.729999542236328,29.780000686645508,28.435428619384766,129172000,0.042180140934037075,
2018-07-17,29.889999389648438,30.200000762939453,29.579999923706055,30.010000228881836,28.65504264831543,87778900,0.00769361676599499,
2018-07-18,29.920000076293945,30.290000915527344,29.84000015258789,30.1299991607666,28.769622802734375,59109200,0.0039906582093343634,
2018-07-19,29.93000030517578,30.020000457763672,29.639999389648438,29.670000076293945,28.330394744873047,59260600,-0.015384888414314849,
2018-07-20,29.6200008392334,30.15999984741211,29.459999084472656,30.1299991607666,28.769622802734375,80432700,0.015384888414314794,
2018-07-23,30.139999389648438,30.850000381469727,30.1299991607666,30.75,29.361631393432617,74080200,0.0203686689640644,
2018-07-24,30.850000381469727,31.110000610351562,30.649999618530273,30.829999923706055,29.438020706176758,64761500,0.002598245170866353,
2018-07-25,30.700000762939453,31.110000610351562,30.670000076293945,31.06999969482422,29.667184829711914,57644100,0.007754474159361782,
2018-07-26,31.190000534057617,31.209999084472656,30.889999389648438,30.940000534057617,29.543054580688477,46215000,-0.004192851176761551,
2018-07-27,30.989999771118164,31.139999389648438,30.799999237060547,31.059999465942383,29.657634735107422,57198900,0.0038709381201618115,
2018-07-30,31.139999389648438,31.450000762939453,31.1299991607666,31.309999465942383,29.896347045898438,58721000,0.008016717755064812,
2018-07-31,31.360000610351562,31.420000076293945,30.81999969482422,30.8799991607666,29.485761642456055,64066000,-0.013828820301892345,
2018-08-01,31.219999313354492,31.549999237060547,31.170000076293945,31.25,29.83905792236328,69070700,0.011910678203082826,
2018-08-02,30.979999542236328,31.309999465942383,30.8700008392334,31.280000686645508,29.86770248413086,46427200,0.0009595614462822769,
2018-08-03,31.18000030517578,31.510000228881836,31.15999984741211,31.510000228881836,30.087318420410156,50153800,0.00732602540427448,
2018-08-06,31.450000762939453,31.59000015258789,31.31999969482422,31.520000457763672,30.096864700317383,41261500,0.0003173164796700705,
2018-08-07,31.549999237060547,31.799999237060547,31.489999771118164,31.510000228881836,30.087318420410156,43946200,-0.0003173164796700915,
2018-08-08,31.510000228881836,31.90999984741211,31.479999542236328,31.799999237060547,30.36422348022461,43689600,0.009161302761356818,
2018-08-09,31.729999542236328,31.790000915527344,31.549999237060547,31.600000381469727,30.173255920410156,38219100,-0.006309133129630992,
2018-08-10,31.229999542236328,31.329999923706055,30.899999618530273,31.190000534057617,29.781768798828125,55679800,-0.013059584922261983,
2018-08-13,31.079999923706055,31.1200008392334,30.450000762939453,30.479999542236328,29.103822708129883,63960600,-0.02302683194247888,
2018-08-14,30.610000610351562,30.899999618530273,30.420000076293945,30.790000915527344,29.39982795715332,42521200,0.010119275871024118,
2018-08-15,30.479999542236328,30.6200008392334,30.15999984741211,30.360000610351562,28.989242553710938,59747900,-0.014064019039741022,
2018-08-16,30.559999465942383,30.84000015258789,30.520000457763672,30.719999313354492,29.332983016967773,44015400,0.011787913296493912,
2018-08-17,30.65999984741211,30.860000610351562,30.549999237060547,30.739999771118164,29.352081298828125,39843500,0.0006508447369872463,
2018-08-20,30.690000534057617,30.93000030517578,30.649999618530273,30.8700008392334,29.476215362548828,40011000,0.004220135035402065,
2018-08-21,30.90999984741211,31.25,30.829999923706055,31.020000457763672,29.619443893432617,53510600,0.004847306805323439,
2018-08-22,30.920000076293945,31.09000015258789,30.8799991607666,30.979999542236328,29.581249237060547,33062900,-0.0012903522928226182,
2018-08-23,30.940000534057617,30.979999542236328,30.739999771118164,30.84000015258789,29.447568893432617,38259100,-0.004529266569764036,
2018-08-24,30.940000534057617,31.079999923706055,30.850000381469727,30.889999389648438,29.495311737060547,43585000,0.0016199335287624332,
2018-08-27,31.030000686645508,31.489999771118164,30.989999771118164,31.309999465942383,29.896347045898438,47729300,0.013505031109602196,
2018-08-28,31.360000610351562,31.40999984741211,31.190000534057617,31.270000457763672,29.858156204223633,38539000,-0.0012783321724017932,
2018-08-29,31.239999771118164,31.309999465942383,31.06999969482422,31.139999389648438,29.73402214050293,46401800,-0.0041660393032090775,
2018-08-30,31.020000457763672,31.149999618530273,30.950000762939453,31.010000228881836,29.609893798828125,47358900,-0.004183406312347547,
2018-08-31,30.8799991607666,30.950000762939453,30.6200008392334,30.93000030517578,29.533506393432617,49266000,-0.0025831439296238076,
2018-09-04,30.90999984741211,31.15999984741211,30.81999969482422,31.139999389648438,29.73402214050293,44745600,0.00676655024197151,
2018-09-05,31.06999969482422,31.239999771118164,30.969999313354492,31.18000030517578,29.772216796875,48516700,0.0012837266115702248,
2018-09-06,31.049999237060547,31.110000610351562,30.729999542236328,30.850000381469727,29.599512100219727,42666000,-0.010640110700475545,
2018-09-07,31.0,31.1200008392334,30.6299991607666,30.860000610351562,29.609107971191406,49103800,0.00032410399639107697,
2018-09-10,30.8799991607666,31.0,30.75,30.81999969482422,29.570730209350586,34156200,-0.0012970467230001995,
2018-09-11,30.719999313354492,30.899999618530273,30.700000762939453,30.850000381469727,29.599512100219727,53071000,0.0009729427266091313,
2018-09-12,30.8799991607666,30.959999084472656,30.3799991607666,30.43000030517578,29.1965389251709,59482300,-0.013707788779044022,
2018-09-13,30.530000686645508,30.670000076293945,30.079999923706055,30.139999389648438,28.918292999267578,59219500,-0.00957580098986014,
2018-09-14,30.1299991607666,30.389999389648438,30.110000610351562,30.3700008392334,29.13896942138672,33743900,0.007602133743489248,
2018-09-17,30.34000015258789,30.489999771118164,30.149999618530273,30.280000686645508,29.0526180267334,35026600,-0.0029678554455051763,
2018-09-18,30.329999923706055,30.399999618530273,30.1299991607666,30.209999084472656,28.985454559326172,49921700,-0.0023144861526435407,
2018-09-19,30.1299991607666,31.200000762939453,30.1299991607666,31.0,29.743432998657227,92666300,0.025814239392006038,
2018-09-20,31.299999237060547,31.3700008392334,31.139999389648438,31.190000534057617,29.92573356628418,83357400,0.0061103432572848495,
2018-09-21,31.34000015258789,31.3700008392334,30.969999313354492,31.030000686645508,29.772218704223633,85992100,-0.005143047153702104,
2018-09-24,30.979999542236328,31.200000762939453,30.65999984741211,30.739999771118164,29.493968963623047,45587700,-0.009389769924012366,
2018-09-25,30.850000381469727,31.040000915527344,30.600000381469727,30.670000076293945,29.426809310913086,40949900,-0.002279750050980818,
2018-09-26,30.709999084472656,30.739999771118164,30.059999465942383,30.1299991607666,28.908695220947266,57882400,-0.017763655325273412,
2018-09-27,30.239999771118164,30.309999465942383,29.93000030517578,29.940000534057617,28.726398468017578,45879700,-0.006325928459384539,
2018-09-28,29.649999618530273,29.850000381469727,29.420000076293945,29.459999084472656,28.26585578918457,74707600,-0.016162016871557668,
2018-10-01,29.68000030517578,29.940000534057617,29.540000915527344,29.649999618530273,28.44815444946289,53900900,0.006428732620456135,
2018-10-02,29.579999923706055,29.719999313354492,29.270000457763672,29.579999923706055,28.380992889404297,42940300,-0.002363657874563443,
2018-10-03,29.809999465942383,30.18000030517578,29.719999313354492,30.0,28.783966064453125,61080300,0.014098926958742453,
2018-10-04,30.170000076293945,30.790000915527344,30.139999389648438,30.43000030517578,29.1965389251709,72325700,0.014231592275504563,
2018-10-05,30.600000381469727,30.649999618530273,30.049999237060547,30.229999542236328,29.0046443939209,51931000,-0.006594180288988351,
2018-10-08,30.049999237060547,30.420000076293945,29.90999984741211,30.270000457763672,29.04302406311035,47471600,0.0013223445076406702,
2018-10-09,30.030000686645508,30.190000534057617,29.8700008392334,29.979999542236328,28.764780044555664,58868600,-0.009626660750828962,
2018-10-10,29.979999542236328,30.1299991607666,29.209999084472656,29.239999771118164,28.05477523803711,88454400,-0.024992850351601648,
2018-10-11,28.889999389648438,29.25,28.260000228881836,28.360000610351562,27.2104434967041,111417300,-0.030557903868390825,
2018-10-12,28.989999771118164,29.040000915527344,27.729999542236328,28.459999084472656,27.306392669677734,102279200,0.003519837307299227,
2018-10-15,28.489999771118164,28.6200008392334,27.639999389648438,27.920000076293945,26.78827667236328,114636100,-0.019156279866027096,
2018-10-16,28.239999771118164,28.579999923706055,27.899999618530273,28.530000686645508,27.373554229736328,87887800,0.021612908666136053,
2018-10-17,28.3700008392334,29.190000534057617,28.15999984741211,28.899999618530273,27.728553771972656,79068700,0.012885392625842861,
2018-10-18,28.670000076293945,28.899999618530273,28.139999389648438,28.25,27.104902267456055,77369200,-0.02274812432629195,
2018-10-19,28.139999389648438,28.520000457763672,27.969999313354492,28.31999969482422,27.17206573486328,64305400,0.002474800457088098,
2018-10-22,28.31999969482422,28.350000381469727,27.309999465942383,27.3799991607666,26.270166397094727,89942900,-0.03375546884056503,
2018-10-23,26.389999389648438,27.200000762939453,26.110000610351562,27.020000457763672,25.924760818481445,102392500,-0.013235439735259678,
2018-10-24,26.860000610351562,26.899999618530273,26.079999923706055,26.190000534057617,25.12840461730957,86386600,-0.031199670562431486,
2018-10-25,26.3799991607666,26.93000030517578,26.18000030517578,26.59000015258789,25.512189865112305,73780400,0.015157532082190813,
2018-10-26,26.329999923706055,26.579999923706055,25.8799991607666,26.389999389648438,25.320295333862305,91103500,-0.007550083606378187,
2018-10-29,26.690000534057617,27.18000030517578,26.290000915527344,26.610000610351562,25.53137969970703,89367000,0.008301980539427663,
2018-10-30,26.760000228881836,26.860000610351562,26.31999969482422,26.780000686645508,25.694490432739258,79004800,0.006368257976739505,
2018-10-31,27.100000381469727,27.8799991607666,27.059999465942383,27.5,26.385303497314453,92296300,0.02653063876926395,
2018-11-01,27.770000457763672,28.0,27.610000610351562,27.809999465942383,26.6827392578125,49827300,0.011209644369549967,
2018-11-02,28.010000228881836,28.3799991607666,27.520000457763672,27.889999389648438,26.759492874145508,69010200,0.0028725307130778796,
2018-11-05,27.950000762939453,28.239999771118164,27.889999389648438,28.059999465942383,26.922603607177734,41103100,0.006076875886459224,
2018-11-06,28.020000457763672,28.25,27.739999771118164,28.209999084472656,27.0665225982666,43514400,0.005331436918291417,
2018-11-07,28.420000076293945,28.670000076293945,28.139999389648438,28.540000915527344,27.383148193359375,56679200,0.011630151567529336,
2018-11-08,28.5,29.1200008392334,28.43000030517578,28.8700008392334,27.699771881103516,49421200,0.011496378616803611,
2018-11-09,28.75,28.889999389648438,28.3799991607666,28.520000457763672,27.363962173461914,43270600,-0.012197411147522364,
2018-11-12,28.3799991607666,28.520000457763672,27.639999389648438,27.75,26.62516975402832,50307500,-0.027369771404271184,
2018-11-13,27.75,28.139999389648438,27.690000534057617,27.760000228881836,26.634761810302734,57423400,0.00036030369118308404,
2018-11-14,27.950000762939453,28.100000381469727,26.780000686645508,27.209999084472656,26.1070556640625,69213300,-0.02001162473519561,
2018-11-15,27.139999389648438,27.969999313354492,26.8799991607666,27.899999618530273,26.769092559814453,66174800,0.025042156006138853,
2018-11-16,27.690000534057617,27.889999389648438,27.420000076293945,27.75,26.62516975402832,52456100,-0.005390834962126262,
2018-11-19,27.780000686645508,28.020000457763672,27.540000915527344,27.75,26.62516975402832,46000000,0.0,
2018-11-20,27.420000076293945,27.56999969482422,26.969999313354492,27.3799991607666,26.270166397094727,92330600,-0.013423050983470578,
2018-11-21,27.59000015258789,27.760000228881836,27.25,27.270000457763672,26.164623260498047,40364400,-0.004025575565129414,
2018-11-23,27.079999923706055,27.170000076293945,26.8799991607666,26.969999313354492,25.876785278320312,22974100,-0.011062101951808859,
2018-11-26,27.18000030517578,27.729999542236328,27.100000381469727,27.559999465942383,26.44287109375,53210700,0.02164031507542519,
2018-11-27,27.43000030517578,27.899999618530273,27.389999389648438,27.739999771118164,26.615577697753906,43617100,0.006509979868258077,
2018-11-28,27.8799991607666,28.469999313354492,27.559999465942383,28.43000030517578,27.277606964111328,61388100,0.024569529761477436,
2018-11-29,28.18000030517578,28.350000381469727,27.969999313354492,28.040000915527344,26.90341567993164,46824600,-0.013812841580045377,
2018-11-30,27.940000534057617,28.6299991607666,27.8700008392334,28.399999618530273,27.248823165893555,64284600,0.01275703691797762,
2018-12-03,28.989999771118164,29.040000915527344,28.360000610351562,28.540000915527344,27.383148193359375,59908700,0.004917512392305858,
2018-12-04,28.31999969482422,28.31999969482422,26.729999542236328,26.989999771118164,25.895973205566406,103565700,-0.05584022557776606,
2018-12-06,26.229999542236328,26.31999969482422,25.530000686645508,26.280000686645508,25.355670928955078,133294200,-0.02665819880519447,
2018-12-07,26.149999618530273,26.540000915527344,25.299999237060547,25.43000030517578,24.535566329956055,107477600,-0.03287862830982411,
2018-12-10,25.18000030517578,25.229999542236328,24.290000915527344,24.760000228881836,23.88913345336914,110166900,-0.026700134374237443,
2018-12-11,25.209999084472656,25.399999618530273,24.530000686645508,24.579999923706055,23.71546745300293,78545000,-0.007296356026425894,
2018-12-12,24.8700008392334,24.989999771118164,24.3700008392334,24.520000457763672,23.657575607299805,87191800,-0.002443971296983396,
2018-12-13,24.65999984741211,24.81999969482422,24.280000686645508,24.399999618530273,23.54179573059082,64860100,-0.004906013071851137,
2018-12-14,24.18000030517578,24.8700008392334,24.1200008392334,24.479999542236328,23.618980407714844,92762600,0.0032733222794778514,
2018-12-17,24.260000228881836,24.93000030517578,24.15999984741211,24.469999313354492,23.609333038330078,98602800,-0.00040858955075619206,
2018-12-18,24.670000076293945,25.09000015258789,24.309999465942383,24.469999313354492,23.609333038330078,89046300,0.0,
2018-12-19,24.450000762939453,25.239999771118164,24.06999969482422,24.18000030517578,23.32953643798828,121887600,-0.011921991586225996,
2018-12-20,23.850000381469727,24.43000030517578,23.760000228881836,24.110000610351562,23.26199722290039,112594000,-0.002899140299280474,
2018-12-21,23.90999984741211,24.510000228881836,23.260000228881836,23.3700008392334,22.548025131225586,160800400,-0.03117353304688565,
2018-12-24,22.760000228881836,23.209999084472656,22.65999984741211,22.729999542236328,21.930532455444336,64859100,-0.027767566736213736,
2018-12-26,22.90999984741211,24.18000030517578,22.690000534057617,24.110000610351562,23.26199722290039,100877800,0.058941099783099395,
2018-12-27,23.780000686645508,24.3700008392334,23.389999389648438,24.3700008392334,23.51285171508789,91575400,0.010726184565900283,
2018-12-28,24.59000015258789,24.75,24.260000228881836,24.389999389648438,23.532148361206055,78693800,0.0008202851288979435,
2018-12-31,24.56999969482422,24.969999313354492,24.3700008392334,24.639999389648438,23.773353576660156,56257300,0.010197926691392929,
2019-01-02,24.079999923706055,25.139999389648438,24.010000228881836,24.959999084472656,24.08209800720215,71836300,0.01290339292688759,
2019-01-03,24.940000534057617,25.040000915527344,24.450000762939453,24.559999465942383,23.696165084838867,66599600,-0.016155425287520307,
2019-01-04,25.100000381469727,25.649999618530273,25.030000686645508,25.579999923706055,24.68029022216797,83829100,0.04069171163420978,
2019-01-07,25.559999465942383,25.780000686645508,25.290000915527344,25.559999465942383,24.660995483398438,57016300,-0.0007821845530734475,
2019-01-08,25.719999313354492,25.790000915527344,25.09000015258789,25.510000228881836,24.612756729125977,67339400,-0.0019580674891011276,
2019-01-09,25.670000076293945,25.850000381469727,25.389999389648438,25.760000228881836,24.853961944580078,69707200,0.009752368995357558,
2019-01-10,25.559999465942383,25.780000686645508,25.420000076293945,25.729999542236328,24.825016021728516,65235800,-0.0011653016187128423,
2019-01-11,25.530000686645508,26.040000915527344,25.459999084472656,26.030000686645508,25.114465713500977,63476000,0.011592136882874523,
2019-01-14,25.770000457763672,26.479999542236328,25.610000610351562,26.3700008392334,25.442506790161133,76715400,0.012977286805024859,
2019-01-15,26.209999084472656,26.809999465942383,26.049999237060547,26.549999237060547,25.616174697875977,80625500,0.006802686761494424,
2019-01-16,28.1299991607666,28.719999313354492,27.860000610351562,28.450000762939453,27.449350357055664,163131700,0.06911846843719383,
2019-01-17,28.34000015258789,29.0,28.09000015258789,28.989999771118164,27.970355987548828,107428800,0.01880274764917246,
2019-01-18,29.020000457763672,29.459999084472656,28.709999084472656,29.299999237060547,28.269451141357422,97928200,0.01063655494576757,
2019-01-22,28.979999542236328,29.299999237060547,28.889999389648438,29.09000015258789,28.066837310791016,84861400,-0.0071930122316491586,
2019-01-23,29.219999313354492,29.280000686645508,28.6200008392334,28.920000076293945,27.902814865112305,79425900,-0.005861077823815781,
2019-01-24,28.75,29.200000762939453,28.739999771118164,29.079999923706055,28.05718994140625,59492300,0.005517250113063176,
2019-01-25,29.280000686645508,29.719999313354492,29.139999389648438,29.579999923706055,28.53960418701172,72182100,0.017047804661682472,
2019-01-28,29.31999969482422,29.670000076293945,29.290000915527344,29.6299991607666,28.58784294128418,59963800,0.0016888785582874707,
2019-01-29,29.540000915527344,29.700000762939453,29.34000015258789,29.389999389648438,28.356285095214844,51451900,-0.008132873598195539,
2019-01-30,29.420000076293945,29.469999313354492,28.950000762939453,29.06999969482422,28.047542572021484,66475800,-0.010947755590683228,
2019-01-31,28.75,28.84000015258789,27.979999542236328,28.469999313354492,27.468643188476562,100201200,-0.020855826901088167,
2019-02-01,28.600000381469727,28.84000015258789,28.309999465942383,28.3799991607666,27.38180923461914,64244100,-0.003166235011133972,
2019-02-04,28.469999313354492,28.969999313354492,28.420000076293945,28.8799991607666,27.864221572875977,55195900,0.017464642804697412,
2019-02-05,28.850000381469727,28.8799991607666,28.56999969482422,28.780000686645508,27.767742156982422,46622600,-0.003468559647649169,
2019-02-06,28.670000076293945,28.899999618530273,28.540000915527344,28.729999542236328,27.719499588012695,35606900,-0.001738868259748368,
2019-02-07,28.540000915527344,28.639999389648438,27.899999618530273,28.239999771118164,27.246732711791992,62289200,-0.017202452537738885,
2019-02-08,28.149999618530273,28.31999969482422,27.860000610351562,28.290000915527344,27.29497528076172,50031300,0.0017690131555397888,
2019-02-11,28.34000015258789,28.459999084472656,28.209999084472656,28.40999984741211,27.410757064819336,47724400,0.004232772819474346,
2019-02-12,28.6200008392334,28.860000610351562,28.579999923706055,28.690000534057617,27.680908203125,49178100,0.009807458112863923,
2019-02-13,28.8700008392334,28.989999771118164,28.65999984741211,28.700000762939453,27.690555572509766,48951200,0.00034850074079272405,
2019-02-14,28.360000610351562,28.6200008392334,28.110000610351562,28.389999389648438,27.39145851135254,47756600,-0.010860200362773945,
2019-02-15,28.760000228881836,29.309999465942383,28.670000076293945,29.110000610351562,28.08613395690918,65867000,0.02504482973854956,
2019-02-19,28.93000030517578,29.260000228881836,28.75,29.1299991607666,28.10542869567871,40841300,0.0006867634368010485,
2019-02-20,29.100000381469727,29.450000762939453,29.010000228881836,29.40999984741211,28.375581741333008,42806300,0.009566205216196078,
2019-02-21,29.329999923706055,29.450000762939453,29.110000610351562,29.290000915527344,28.259803771972656,42754100,-0.0040885552806273606,
2019-02-22,29.049999237060547,29.270000457763672,28.959999084472656,29.079999923706055,28.05718994140625,47887800,-0.007195542055246299,
2019-02-25,29.1200008392334,29.59000015258789,29.1200008392334,29.270000457763672,28.240507125854492,61227400,0.006512466301410459,
2019-02-26,29.020000457763672,29.6299991607666,28.959999084472656,29.290000915527344,28.259803771972656,53153200,0.0006830757538357609,
2019-02-27,29.299999237060547,29.670000076293945,29.209999084472656,29.530000686645508,28.491363525390625,48128600,0.00816052691132669,
2019-02-28,29.5,29.549999237060547,29.010000228881836,29.079999923706055,28.200435638427734,62358100,-0.015356068966572978,
2019-03-01,29.329999923706055,29.649999618530273,29.209999084472656,29.309999465942383,28.423479080200195,45771500,0.007878086460066743,
2019-03-04,29.329999923706055,29.540000915527344,28.770000457763672,29.030000686645508,28.151947021484375,56893200,-0.009598934812296244,
2019-03-05,29.020000457763672,29.190000534057617,28.700000762939453,29.079999923706055,28.200435638427734,39932500,0.0017208483522294503,
2019-03-06,29.010000228881836,29.15999984741211,28.799999237060547,28.84000015258789,27.967695236206055,41672000,-0.008287332334139839,
2019-03-07,28.670000076293945,28.719999313354492,28.260000228881836,28.549999237060547,27.686466217041016,53908600,-0.010106408328494703,
2019-03-08,28.059999465942383,28.670000076293945,28.010000228881836,28.649999618530273,27.7834415435791,40860700,0.0034965204668280453,
2019-03-11,28.700000762939453,29.059999465942383,28.700000762939453,28.940000534057617,28.06467056274414,40709300,0.010071309811374411,
2019-03-12,29.0,29.1200008392334,28.889999389648438,28.940000534057617,28.06467056274414,34450000,0.0,
2019-03-13,29.049999237060547,29.510000228881836,28.979999542236328,29.290000915527344,28.404083251953125,54683300,0.01202145243967847,
2019-03-14,29.309999465942383,29.639999389648438,29.239999771118164,29.459999084472656,28.568941116333008,45219100,0.0057871878605436945,
2019-03-15,29.440000534057617,29.610000610351562,29.260000228881836,29.299999237060547,28.413780212402344,82346200,-0.005445889973388111,
2019-03-18,29.3799991607666,29.959999084472656,29.329999923706055,29.81999969482422,28.918054580688477,58568600,0.017591809118530657,
2019-03-19,30.010000228881836,30.139999389648438,29.540000915527344,29.649999618530273,28.75319480895996,55455100,-0.005717186524686397,
2019-03-20,29.6200008392334,29.65999984741211,28.600000381469727,28.639999389648438,27.77374267578125,81689900,-0.03465779179668959,
2019-03-21,28.450000762939453,28.600000381469727,28.040000915527344,28.18000030517578,27.32765769958496,77444400,-0.016191803481235934,
2019-03-22,27.90999984741211,28.06999969482422,26.709999084472656,27.010000228881836,26.193044662475586,118851600,-0.04240534102156008,
2019-03-25,26.90999984741211,27.3799991607666,26.610000610351562,26.84000015258789,26.028186798095703,65568000,-0.006313858489916861,
2019-03-26,27.149999618530273,27.350000381469727,26.8799991607666,27.209999084472656,26.386995315551758,59878500,0.013691201359857125,
2019-03-27,27.09000015258789,27.3700008392334,26.950000762939453,27.030000686645508,26.212444305419922,57621700,-0.006637133456985634,
2019-03-28,27.200000762939453,27.40999984741211,27.020000457763672,27.329999923706055,26.503366470336914,45872300,0.011037611456948948,
2019-03-29,27.549999237060547,27.68000030517578,27.299999237060547,27.59000015258789,26.755502700805664,83446300,0.009468396611350984,
2019-04-01,27.899999618530273,28.739999771118164,27.850000381469727,28.540000915527344,27.676769256591797,91751100,0.033853250367688256,
2019-04-02,28.469999313354492,28.8700008392334,28.350000381469727,28.8700008392334,27.996788024902344,66694000,0.011496378616803611,
2019-04-03,29.06999969482422,29.239999771118164,28.700000762939453,28.84000015258789,27.967695236206055,63110600,-0.0010397050366464649,
2019-04-04,28.850000381469727,29.309999465942383,28.84000015258789,29.149999618530273,28.268320083618164,53712100,0.010691582002470647,
2019-04-05,29.31999969482422,29.5,28.979999542236328,29.079999923706055,28.200435638427734,46383400,-0.0024042496683308466,
2019-04-08,28.889999389648438,29.200000762939453,28.8700008392334,29.170000076293945,28.2877140045166,35272800,0.0030901364533930387,
2019-04-09,29.0,29.06999969482422,28.739999771118164,28.889999389648438,28.01618003845215,40535300,-0.009645293143721369,
2019-04-10,28.899999618530273,29.149999618530273,28.75,29.06999969482422,28.190738677978516,42669700,0.006211210721419472,
2019-04-11,29.25,29.489999771118164,28.989999771118164,29.06999969482422,28.190738677978516,50440100,0.0,
2019-04-12,29.559999465942383,30.219999313354492,29.559999465942383,30.170000076293945,29.257465362548828,100192000,0.037141351626949856,
2019-04-15,30.100000381469727,30.139999389648438,29.65999984741211,29.84000015258789,28.93744659423828,57438800,-0.01099827525067605,
2019-04-16,29.299999237060547,30.049999237060547,29.0,29.8799991607666,28.976238250732422,105168400,0.0013395517287271479,
2019-04-17,29.829999923706055,30.1200008392334,29.459999084472656,30.030000686645508,29.121702194213867,94831600,0.005007572682734448,
2019-04-18,29.950000762939453,30.15999984741211,29.81999969482422,30.030000686645508,29.121702194213867,61796600,0.0,
2019-04-22,29.93000030517578,30.100000381469727,29.780000686645508,30.049999237060547,29.141094207763672,34763400,0.0006657307316592854,
2019-04-23,29.989999771118164,30.209999084472656,29.920000076293945,30.06999969482422,29.160491943359375,41889700,0.0006653512593759793,
2019-04-24,29.950000762939453,30.170000076293945,29.850000381469727,30.020000457763672,29.112001419067383,40078100,-0.0016641453976531872,
2019-04-25,29.90999984741211,30.31999969482422,29.899999618530273,30.079999923706055,29.170190811157227,43243800,0.0019966550913321536,
2019-04-26,30.170000076293945,30.389999389648438,30.049999237060547,30.350000381469727,29.432022094726562,40627500,0.008936033529255072,
2019-04-29,30.43000030517578,31.170000076293945,30.40999984741211,30.770000457763672,29.83932113647461,68408600,0.01374367413637158,
2019-04-30,30.799999237060547,30.8799991607666,30.40999984741211,30.579999923706055,29.655065536499023,47764200,-0.006194006204878373,
2019-05-01,30.559999465942383,30.889999389648438,30.18000030517578,30.260000228881836,29.344745635986328,56161000,-0.010519482081968285,
2019-05-02,30.260000228881836,30.559999465942383,30.149999618530273,30.5,29.577486038208008,40634100,0.00789996768931492,
2019-05-03,30.65999984741211,30.799999237060547,30.5,30.709999084472656,29.7811336517334,35256100,0.006861621027337724,
2019-05-06,30.110000610351562,30.610000610351562,30.06999969482422,30.469999313354492,29.54839324951172,39882000,-0.007845734178219434,
2019-05-07,30.15999984741211,30.170000076293945,29.6299991607666,29.920000076293945,29.015029907226562,58528400,-0.018215414806276406,
2019-05-08,29.729999542236328,30.110000610351562,29.670000076293945,29.799999237060547,28.898656845092773,39903400,-0.0040187877468444875,
2019-05-09,29.420000076293945,29.780000686645508,29.280000686645508,29.709999084472656,28.811378479003906,44173500,-0.0030247092503084614,
2019-05-10,29.459999084472656,29.709999084472656,29.190000534057617,29.579999923706055,28.685312271118164,59649900,-0.004385203955642038,
2019-05-13,28.959999084472656,29.0,28.049999237060547,28.25,27.39554214477539,72547000,-0.046004997110962856,
2019-05-14,28.360000610351562,28.989999771118164,28.209999084472656,28.6200008392334,27.754350662231445,52216100,0.013012345859173666,
2019-05-15,28.100000381469727,28.489999771118164,28.010000228881836,28.290000915527344,27.434329986572266,51973200,-0.011597385775923456,
2019-05-16,28.459999084472656,28.829999923706055,28.43000030517578,28.59000015258789,27.725257873535156,42791500,0.010548593995627216,
2019-05-17,28.25,28.639999389648438,28.219999313354492,28.399999618530273,27.54100227355957,43772500,-0.006667879936199819,
2019-05-20,28.399999618530273,28.520000457763672,28.239999771118164,28.399999618530273,27.54100227355957,41717600,0.0,
2019-05-21,28.56999969482422,28.75,28.450000762939453,28.690000534057617,27.82223129272461,39258700,0.010159516872910944,
2019-05-22,28.510000228881836,28.6299991607666,28.350000381469727,28.489999771118164,27.62828254699707,29177600,-0.006995508131982159,
2019-05-23,28.1299991607666,28.200000762939453,27.5,27.760000228881836,26.92036247253418,59772900,-0.025956996592429782,
2019-05-24,27.93000030517578,28.260000228881836,27.860000610351562,28.18000030517578,27.32765769958496,35524400,0.015016373416424268,
2019-05-28,28.049999237060547,28.25,27.8799991607666,27.899999618530273,27.05612564086914,44273400,-0.00998584214548105,
2019-05-29,27.530000686645508,27.850000381469727,27.3799991607666,27.75,26.910661697387695,49818900,-0.005390834962126262,
2019-05-30,27.770000457763672,27.93000030517578,26.979999542236328,27.15999984741211,26.33850860595703,58649300,-0.02149054312005903,
2019-05-31,26.5,26.8700008392334,26.479999542236328,26.600000381469727,25.795446395874023,68304200,-0.02083406694376404,
2019-06-03,26.59000015258789,26.989999771118164,26.399999618530273,26.68000030517578,25.873023986816406,50109900,0.0030030023571750884,
2019-06-04,27.18000030517578,27.950000762939453,27.139999389648438,27.920000076293945,27.07552146911621,58426400,0.04542904814096741,0.24520926960924716
2019-06-05,27.84000015258789,28.010000228881836,27.459999084472656,27.90999984741211,27.06582260131836,44874400,-0.000358238545672536,0.24520923065575123
2019-06-06,27.760000228881836,28.040000915527344,27.540000915527344,27.8799991607666,27.182823181152344,38633600,-0.001075486290395946,0.2450306557518184
2019-06-07,27.75,27.790000915527344,27.420000076293945,27.530000686645508,26.841575622558594,51317200,-0.012633211694460243,0.2433230733412531
2019-06-10,27.860000610351562,28.469999313354492,27.84000015258789,28.06999969482422,27.368070602416992,48305800,0.019425035405601827,0.24411732562656163
2019-06-11,28.3799991607666,28.700000762939453,28.139999389648438,28.239999771118164,27.5338191986084,38691800,0.006038025018324551,0.24418696090951458
2019-06-12,28.200000762939453,28.270000457763672,27.860000610351562,27.950000762939453,27.251073837280273,33507500,-0.010322177622471097,0.2443871572947827
2019-06-13,27.969999313354492,28.15999984741211,27.809999465942383,27.940000534057617,27.24132537841797,33404200,-0.00035785395442786193,0.24433461453750693
2019-06-14,27.90999984741211,28.170000076293945,27.780000686645508,28.040000915527344,27.338821411132812,37322100,0.0035727218738884755,0.24435846476085593
2019-06-17,28.010000228881836,28.219999313354492,27.790000915527344,27.93000030517578,27.2315731048584,33410100,-0.0039307039336134554,0.2441274958122415
2019-06-18,28.020000457763672,28.799999237060547,27.829999923706055,28.6200008392334,27.904319763183594,60170700,0.024404412568087133,0.24525450171822877
2019-06-19,28.700000762939453,28.969999313354492,28.299999237060547,28.31999969482422,27.611818313598633,61953500,-0.010537545402085794,0.24544031616227915
2019-06-20,28.59000015258789,28.610000610351562,27.850000381469727,28.270000457763672,27.563072204589844,60887200,-0.0017670701514791627,0.24540185310322982
2019-06-21,28.190000534057617,28.549999237060547,28.079999923706055,28.1200008392334,27.416824340820312,69444000,-0.00532009111087975,0.24545602255613774
2019-06-24,28.079999923706055,28.3799991607666,27.889999389648438,27.979999542236328,27.28032112121582,40046400,-0.004991143910232762,0.24549638515210473
2019-06-25,28.020000457763672,28.020000457763672,27.3799991607666,27.760000228881836,27.065826416015625,46901300,-0.007893808993319807,0.24540878870312866
2019-06-26,27.940000534057617,28.18000030517578,27.850000381469727,27.90999984741211,27.212072372436523,42312300,0.005388898197463709,0.2448350718965789
2019-06-27,28.079999923706055,28.31999969482422,28.059999465942383,28.209999084472656,27.50457000732422,35575600,0.010691450478813971,0.24506247690609453
2019-06-28,29.010000228881836,29.270000457763672,28.729999542236328,29.0,28.274816513061523,101856900,0.027619337426569704,0.24638811305011973
2019-07-01,29.479999542236328,29.850000381469727,29.25,29.420000076293945,28.68431282043457,48143200,0.014378887780085364,0.2463443781598697
2019-07-02,29.34000015258789,29.43000030517578,28.93000030517578,29.149999618530273,28.421066284179688,32263500,-0.009219818056498187,0.24593267686603631
2019-07-03,29.190000534057617,29.239999771118164,28.93000030517578,29.049999237060547,28.323564529418945,26642300,-0.003436442675117398,0.24593928016504651
2019-07-05,29.360000610351562,29.56999969482422,29.149999618530273,29.260000228881836,28.5283145904541,33092000,0.007202946379380089,0.24537905412254243
2019-07-08,29.010000228881836,29.299999237060547,28.940000534057617,29.200000762939453,28.46981430053711,30924400,-0.002052668012024802,0.24534153374767062
2019-07-09,28.969999313354492,29.420000076293945,28.940000534057617,29.350000381469727,28.616064071655273,28750100,0.005123823869071174,0.2453627354729012
2019-07-10,29.170000076293945,29.399999618530273,28.959999084472656,29.020000457763672,28.294315338134766,40574800,-0.01130729604125319,0.24301648469368653
2019-07-11,29.100000381469727,29.5,29.030000686645508,29.360000610351562,28.62581443786621,37376800,0.011647961304738387,0.2431746073676159
2019-07-12,29.440000534057617,29.530000686645508,29.360000610351562,29.450000762939453,28.713563919067383,29632900,0.0030607114690031716,0.24313473718297363
2019-07-15,29.5,29.530000686645508,29.079999923706055,29.219999313354492,28.489316940307617,46462100,-0.00784055318046726,0.24324514512420767
2019-07-16,29.170000076293945,29.200000762939453,28.860000610351562,28.989999771118164,28.265066146850586,54920400,-0.00790244778502682,0.2432524733119225
2019-07-17,29.100000381469727,29.6200008392334,29.0,29.190000534057617,28.460067749023438,84958300,0.006875268123568958,0.23965038569052086
2019-07-18,29.280000686645508,29.579999923706055,29.18000030517578,29.479999542236328,28.742813110351562,49503500,0.00988584863126233,0.23973178672620385
2019-07-19,29.540000915527344,29.610000610351562,29.3799991607666,29.399999618530273,28.66481590270996,44863200,-0.002717390423720679,0.23971154061964786
2019-07-22,29.290000915527344,29.610000610351562,29.280000686645508,29.56999969482422,28.830562591552734,31224300,0.005765662174458289,0.23929001533923716
2019-07-23,29.75,30.280000686645508,29.700000762939453,30.25,29.493558883666992,64030300,0.02273586093291724,0.2398771246266914
2019-07-24,30.06999969482422,30.75,30.040000915527344,30.670000076293945,29.90305519104004,53171900,0.013788796136885374,0.23940639846775186
2019-07-25,30.739999771118164,30.889999389648438,30.209999084472656,30.34000015258789,29.581308364868164,43251900,-0.010818001664084904,0.23963544326468614
2019-07-26,30.56999969482422,30.989999771118164,30.420000076293945,30.770000457763672,30.00055694580078,46978800,0.014073225261246804,0.23992554374997738
2019-07-29,30.719999313354492,30.850000381469727,30.489999771118164,30.520000457763672,29.756807327270508,39176700,-0.008157982795831954,0.24002721751954087
2019-07-30,30.209999084472656,30.899999618530273,30.149999618530273,30.889999389648438,30.117555618286133,37598300,0.012050265756552167,0.24030071358839705
2019-07-31,30.829999923706055,31.059999465942383,30.59000015258789,30.68000030517578,29.912805557250977,60607600,-0.006821500725503136,0.24026048639301975
2019-08-01,30.549999237060547,31.06999969482422,29.360000610351562,29.489999771118164,28.7525634765625,76913400,-0.03955977138026721,0.24309979093570797
2019-08-02,29.360000610351562,29.5,28.90999984741211,29.3799991607666,28.64531135559082,57492300,-0.003737072884902294,0.24282170856673005
2019-08-05,28.530000686645508,28.639999389648438,27.709999084472656,28.079999923706055,27.377822875976562,96207700,-0.045256565740355824,0.24695453316187915
2019-08-06,28.40999984741211,28.489999771118164,27.690000534057617,28.420000076293945,27.709320068359375,65115800,0.012035548912881087,0.2471478302993804
2019-08-07,27.610000610351562,27.93000030517578,27.1200008392334,27.889999389648438,27.19257164001465,75388500,-0.01882494559831713,0.2478316703237958
2019-08-08,28.110000610351562,28.489999771118164,28.06999969482422,28.3799991607666,27.670318603515625,53141900,0.017416462405446188,0.24847739071686706
2019-08-09,28.270000457763672,28.520000457763672,27.969999313354492,28.329999923706055,27.621572494506836,53499600,-0.0017633310112187088,0.24829476233528508
2019-08-12,27.829999923706055,27.850000381469727,27.459999084472656,27.639999389648438,26.948823928833008,52995900,-0.024657334332095868,0.249404285475331
2019-08-13,27.56999969482422,28.25,27.3799991607666,27.719999313354492,27.026823043823242,69919200,0.002890172733655763,0.24910972412999527
2019-08-14,26.940000534057617,27.079999923706055,26.280000686645508,26.420000076293945,25.75933265686035,106591700,-0.04803284756902698,0.25261366130956286
2019-08-15,26.579999923706055,26.829999923706055,26.209999084472656,26.25,25.593582153320312,70192000,-0.0064553129442810175,0.252453397003706
2019-08-16,26.530000686645508,27.1200008392334,26.440000534057617,27.030000686645508,26.354082107543945,70841700,0.029281396653812644,0.25385539278865193
2019-08-19,27.639999389648438,27.700000762939453,27.139999389648438,27.270000457763672,26.58807945251465,44964800,0.008839827952398235,0.25372966338410824
2019-08-20,27.020000457763672,27.059999465942383,26.700000762939453,26.719999313354492,26.051830291748047,47665000,-0.02037489067320991,0.25450616424184824
2019-08-21,26.93000030517578,27.079999923706055,26.790000915527344,26.93000030517578,26.25657844543457,47785400,0.007828595185060218,0.2545997173920382
2019-08-22,27.09000015258789,27.299999237060547,26.959999084472656,27.190000534057617,26.51007843017578,49353700,0.009608360130377696,0.254745371325938
2019-08-23,26.950000762939453,27.219999313354492,26.260000228881836,26.469999313354492,25.808080673217773,81880700,-0.026837287987579887,0.2561000117254111
2019-08-26,26.700000762939453,26.799999237060547,26.489999771118164,26.780000686645508,26.110332489013672,41499100,0.011643375604769943,0.25636294719256714
2019-08-27,26.860000610351562,26.899999618530273,26.280000686645508,26.469999313354492,25.808080673217773,52517000,-0.011643375604769933,0.2565927034897954
2019-08-28,26.219999313354492,27.079999923706055,26.209999084472656,26.850000381469727,26.17858123779297,45897900,0.01425384486382052,0.2566351567188056
2019-08-29,27.0,27.450000762939453,26.920000076293945,27.329999923706055,26.646575927734375,55432900,0.017719161986082126,0.2572877896304934
2019-08-30,27.5,27.690000534057617,27.350000381469727,27.510000228881836,26.82207679748535,41326200,0.006564586108039229,0.25735948289780775
2019-09-03,27.209999084472656,27.229999542236328,26.610000610351562,27.049999237060547,26.373579025268555,50743100,-0.016862606168729113,0.2578539329336146
2019-09-04,27.31999969482422,27.579999923706055,27.15999984741211,27.489999771118164,26.802576065063477,40862500,0.01613531676344641,0.2583840527161066
2019-09-05,27.850000381469727,28.43000030517578,27.799999237060547,28.1200008392334,27.59752655029297,63413700,0.02265880293602829,0.25931783799592345
2019-09-06,28.020000457763672,28.09000015258789,27.56999969482422,27.729999542236328,27.214771270751953,56054100,-0.01396625366737836,0.25966631958989267
2019-09-09,28.0,28.850000381469727,27.969999313354492,28.6299991607666,28.09804916381836,68629300,0.031940246677145366,0.26147607964360187
2019-09-10,28.889999389648438,29.350000381469727,28.809999465942383,29.350000381469727,28.804672241210938,71066200,0.024837469474424154,0.26268076751498165
2019-09-11,29.3700008392334,29.469999313354492,28.899999618530273,29.459999084472656,28.912628173828125,53982200,0.0037408206861499985,0.2627079344817818
2019-09-12,29.219999313354492,29.799999237060547,28.90999984741211,29.670000076293945,29.118724822998047,72943900,0.0071030569166272975,0.26280642607045535
2019-09-13,30.0,30.31999969482422,29.8700008392334,30.170000076293945,29.609437942504883,79657000,0.01671161882562379,0.262991868437492
2019-09-16,29.68000030517578,30.170000076293945,29.639999389648438,30.1299991607666,29.570178985595703,43391300,-0.0013267304113089705,0.26282070260909596
2019-09-17,29.850000381469727,30.020000457763672,29.59000015258789,29.940000534057617,29.383708953857422,48284900,-0.006325928459384539,0.2627852091262701
2019-09-18,29.770000457763672,30.149999618530273,29.549999237060547,30.0,29.442596435546875,66640400,0.0020019848330775757,0.26277692646395534
2019-09-19,30.0,30.100000381469727,29.75,29.81999969482422,29.265939712524414,43035700,-0.006018082559492695,0.26283524820472126
2019-09-20,29.969999313354492,30.1299991607666,29.56999969482422,29.59000015258789,29.040212631225586,167269000,-0.007742827533805942,0.26165925818277136
2019-09-23,29.309999465942383,29.6200008392334,29.170000076293945,29.520000457763672,28.971513748168945,52048300,-0.002368456329685622,0.26159182497336725
2019-09-24,29.600000381469727,29.639999389648438,28.739999771118164,28.940000534057617,28.40229034423828,64806900,-0.019843275581872932,0.26228180298358916
2019-09-25,28.780000686645508,29.40999984741211,28.780000686645508,29.25,28.70652961730957,45807700,0.010654834020567314,0.2623485072672519
2019-09-26,29.209999084472656,29.329999923706055,29.049999237060547,29.1299991607666,28.58875846862793,33198100,-0.004111031516457432,0.2623694929883843
2019-09-27,29.40999984741211,29.709999084472656,29.209999084472656,29.350000381469727,28.804672241210938,41336600,0.007524017109962288,0.2618885550466149
2019-09-30,29.489999771118164,29.520000457763672,29.079999923706055,29.170000076293945,28.628015518188477,39191000,-0.006151772776246739,0.26188445891439044
2019-10-01,29.440000534057617,29.510000228881836,28.40999984741211,28.440000534057617,27.911579132080078,49434400,-0.025344162781686323,0.2626097138947555
2019-10-02,28.200000762939453,28.299999237060547,27.809999465942383,27.84000015258789,27.32272720336914,52293100,-0.021322782766331417,0.26337801902132596
2019-10-03,27.760000228881836,27.8799991607666,27.15999984741211,27.809999465942383,27.293285369873047,53015800,-0.0010781919050303092,0.26337079846863154
2019-10-04,27.850000381469727,28.399999618530273,27.84000015258789,28.3700008392334,27.842880249023438,42641800,0.019936629360404176,0.263754417772829
2019-10-07,28.329999923706055,28.6200008392334,28.18000030517578,28.309999465942383,27.783994674682617,36742400,-0.002117198143299461,0.2633613596567761
2019-10-08,27.8700008392334,27.920000076293945,27.459999084472656,27.6299991607666,27.11663055419922,58201100,-0.024312971697847373,0.2643815019654042
2019-10-09,27.829999923706055,28.06999969482422,27.75,27.889999389648438,27.371797561645508,37511400,0.009366071193820774,0.26455510224683504
2019-10-10,28.040000915527344,28.75,28.040000915527344,28.450000762939453,27.92139434814453,48239300,0.019880007634038646,0.26515831880064983
2019-10-11,28.989999771118164,29.34000015258789,28.860000610351562,28.90999984741211,28.372846603393555,70008600,0.016039363361031168,0.26448158274698763
2019-10-14,28.739999771118164,29.15999984741211,28.729999542236328,29.139999389648438,28.59857177734375,36040100,0.007924229071345828,0.26281861772586174
2019-10-15,29.34000015258789,30.239999771118164,29.110000610351562,29.729999542236328,29.177610397338867,78656000,0.020044841791071827,0.26355250549226245
2019-10-16,30.3700008392334,30.719999313354492,30.149999618530273,30.170000076293945,29.609437942504883,87131700,0.014691434087130523,0.2632334655553047
2019-10-17,30.299999237060547,30.540000915527344,30.0,30.260000228881836,29.697763442993164,55575900,0.0029786602242797985,0.26237742054540525
2019-10-18,30.1299991607666,30.489999771118164,30.100000381469727,30.350000381469727,29.78609275817871,48872900,0.002969814150475049,0.2620845865093618
2019-10-21,30.670000076293945,31.149999618530273,30.6299991607666,31.020000457763672,30.44364356994629,61087400,0.0218356424309158,0.2619583481226234
2019-10-22,30.969999313354492,31.3700008392334,30.75,31.200000762939453,30.620298385620117,58662100,0.005785946763182019,0.26200596576531315
2019-10-23,31.1299991607666,31.440000534057617,31.09000015258789,31.420000076293945,30.836212158203125,47771200,0.007026515987048086,0.25983576611803105
2019-10-24,31.450000762939453,31.520000457763672,31.200000762939453,31.360000610351562,30.777326583862305,39491000,-0.0019114203107239124,0.25947926521386677
2019-10-25,31.360000610351562,31.850000381469727,31.34000015258789,31.719999313354492,31.13063621520996,43702000,0.011414160174614862,0.25773082942106346
2019-10-28,31.969999313354492,32.22999954223633,31.739999771118164,31.84000015258789,31.2484073638916,58790300,0.003775990648952635,0.25734351848161
2019-10-29,31.940000534057617,32.13999938964844,31.809999465942383,32.06999969482422,31.474132537841797,48266600,0.007197638420621005,0.25729055034302706
2019-10-30,32.0099983215332,32.0099983215332,31.530000686645508,31.6200008392334,31.032495498657227,45262400,-0.014131145866590145,0.25760930594505205
2019-10-31,31.40999984741211,31.6200008392334,30.81999969482422,31.270000457763672,30.688997268676758,49430900,-0.011130672213728047,0.25781593513949214
2019-11-01,31.700000762939453,31.84000015258789,31.3700008392334,31.799999237060547,31.209148406982422,41985300,0.016807079685505842,0.25701675716341144
2019-11-04,32.2400016784668,32.5,32.099998474121094,32.400001525878906,31.798006057739258,54228600,0.018692204098986472,0.25743613241545504
2019-11-05,32.5099983215332,33.09000015258789,32.5,32.81999969482422,32.21019744873047,68785600,0.012879606470164437,0.25771892286529596
2019-11-06,32.7599983215332,33.060001373291016,32.66999816894531,32.790000915527344,32.180755615234375,47524500,-0.0009144575859869018,0.25766583018350375
2019-11-07,33.11000061035156,33.599998474121094,33.0099983215332,33.22999954223633,32.612579345703125,68310700,0.01332944981340031,0.25793670189392603
2019-11-08,33.06999969482422,33.27000045776367,32.93000030517578,33.2599983215332,32.642024993896484,38724000,0.000902354708865165,0.25770118654702995
2019-11-11,33.029998779296875,33.25,32.970001220703125,33.18000030517578,32.563507080078125,27784000,-0.0024081293398726445,0.25748634315862834
2019-11-12,33.130001068115234,33.31999969482422,32.9900016784668,33.09000015258789,32.475181579589844,37282200,-0.00271616741506076,0.257189393472998
2019-11-13,32.720001220703125,32.88999938964844,32.47999954223633,32.790000915527344,32.180755615234375,48887800,-0.009107507767332037,0.25584099805938987
2019-11-14,32.689998626708984,32.86000061035156,32.4900016784668,32.70000076293945,32.092430114746094,35554600,-0.0027485175427987983,0.25586356901799673
2019-11-15,32.91999816894531,32.959999084472656,32.70000076293945,32.93000030517578,32.318153381347656,36398300,0.007009004420992838,0.2550985224477533
2019-11-18,32.86000061035156,33.029998779296875,32.75,32.959999084472656,32.34759521484375,31133700,0.0009105716086667492,0.2539307940048469
2019-11-19,33.119998931884766,33.150001525878906,32.81999969482422,32.939998626708984,32.32796859741211,33183700,-0.000606994205535801,0.25386137339504666
2019-11-20,32.790000915527344,32.83000183105469,32.41999816894531,32.689998626708984,32.082611083984375,43612200,-0.007618504332208676,0.25399615455958624
2019-11-21,32.779998779296875,33.040000915527344,32.630001068115234,32.84000015258789,32.22982406616211,42787600,0.004578110504026616,0.25363241603050457
2019-11-22,32.959999084472656,33.31999969482422,32.939998626708984,33.18000030517578,32.563507080078125,38783900,0.01030000472924978,0.2537677515663351
2019-11-25,33.33000183105469,33.5099983215332,33.2599983215332,33.470001220703125,32.84812545776367,50238800,0.008702257734914171,0.2536115071376937
2019-11-26,33.380001068115234,33.400001525878906,33.119998931884766,33.349998474121094,32.7303466796875,50626600,-0.003591825086653702,0.2527893508677905
2019-11-27,33.4900016784668,33.599998474121094,33.310001373291016,33.41999816894531,32.799049377441406,32097700,0.0020967417699161326,0.25272702510121675
2019-11-29,33.369998931884766,33.52000045776367,33.2400016784668,33.31999969482422,32.700904846191406,19503400,-0.002996660238352537,0.2516183360633213
2019-12-02,33.45000076293945,33.75,33.34000015258789,33.43000030517578,32.808868408203125,47158800,0.0032959014211022797,0.2512137255610069
2019-12-03,32.869998931884766,32.900001525878906,32.54999923706055,32.84000015258789,32.22982406616211,58745100,-0.017806420330176174,0.2515996307937446
2019-12-04,33.08000183105469,33.29999923706055,32.849998474121094,33.150001525878906,32.53406524658203,46637900,0.009395473430769031,0.25171702310102034
2019-12-05,33.15999984741211,33.220001220703125,33.0,33.09000015258789,32.65248107910156,38304500,-0.0018116361165800593,0.24527150050598226
2019-12-06,33.68000030517578,33.79999923706055,33.56999969482422,33.66999816894531,33.22481155395508,50908500,0.01737605224578304,0.24427142276980696
2019-12-09,33.5,33.70000076293945,33.439998626708984,33.5099983215332,33.066925048828125,32974500,-0.004763327129919919,0.24196556346972892
2019-12-10,33.400001525878906,33.630001068115234,33.29999923706055,33.529998779296875,33.08666229248047,41960100,0.0005966724111568307,0.24035176881854187
2019-12-11,33.47999954223633,33.7599983215332,33.47999954223633,33.63999938964844,33.19520568847656,43107800,0.0032752928892816487,0.2402088831135737
2019-12-12,33.779998779296875,34.810001373291016,33.68000030517578,34.68000030517578,34.221458435058594,64942500,0.030447343750982406,0.24194730395113923
2019-12-13,34.689998626708984,34.959999084472656,34.349998474121094,34.439998626708984,33.9846305847168,48539600,-0.006944521027459096,0.24200902058396953
2019-12-16,34.95000076293945,35.09000015258789,34.70000076293945,34.70000076293945,34.24119567871094,50777100,0.007521069254896176,0.2420798709966261
2019-12-17,34.849998474121094,35.27000045776367,34.7400016784668,35.040000915527344,34.576698303222656,50840500,0.009750583256712898,0.2422174556868278
2019-12-18,35.11000061035156,35.27000045776367,35.04999923706055,35.11000061035156,34.64577102661133,48757900,0.001995715368067547,0.2422138913960133
2019-12-19,35.150001525878906,35.22999954223633,34.88999938964844,34.95000076293945,34.48788833618164,45409500,-0.0045675170550473435,0.24191825381814283
2019-12-20,35.2400016784668,35.2400016784668,34.90999984741211,34.959999084472656,34.49775314331055,109395500,0.00028603409020729173,0.24188157224648213
2019-12-23,35.040000915527344,35.189998626708984,34.95000076293945,35.16999816894531,34.70497512817383,33995400,0.005988869823437495,0.23969044990063493
2019-12-24,35.189998626708984,35.279998779296875,35.119998931884766,35.220001220703125,34.75431823730469,13805400,0.0014207433045139173,0.23786754972740995
2019-12-26,35.31999969482422,35.560001373291016,35.290000915527344,35.52000045776367,35.050350189208984,26992100,0.00848179328402738,0.23093556853385386
2019-12-27,35.70000076293945,35.720001220703125,35.2599983215332,35.349998474121094,34.88259506225586,28111300,-0.004797581833770468,0.23083718056438113
2019-12-30,35.56999969482422,35.650001525878906,35.09000015258789,35.150001525878906,34.685245513916016,30705100,-0.005673687510521347,0.2309470190134014
2019-12-31,35.029998779296875,35.2599983215332,34.970001220703125,35.220001220703125,34.75431823730469,29630100,0.0019894760602645737,0.23078067857645224
2020-01-02,35.349998474121094,35.65999984741211,35.290000915527344,35.63999938964844,35.16876220703125,37614200,0.011854447749710973,0.23073064387214337
2020-01-03,34.97999954223633,35.150001525878906,34.7599983215332,34.900001525878906,34.43854904174805,50357900,-0.020981712547304594,0.23114969990288564
2020-01-06,34.40999984741211,34.900001525878906,34.369998931884766,34.849998474121094,34.38920593261719,42185000,-0.0014337795074939005,0.22777336548637264
2020-01-07,34.70000076293945,34.91999816894531,34.529998779296875,34.619998931884766,34.16225051879883,34149000,-0.006621574526831196,0.22789990037723126
2020-01-08,34.56999969482422,35.189998626708984,34.54999923706055,34.970001220703125,34.50762176513672,45311600,0.010059067086922412,0.22804928379808667
2020-01-09,35.29999923706055,35.33000183105469,34.939998626708984,35.029998779296875,34.56682586669922,39861600,0.001714216379595369,0.22789006866064768
2020-01-10,35.0,35.06999969482422,34.65999984741211,34.7400016784668,34.28066635131836,39730400,-0.008312993233967699,0.22807718919849104
2020-01-13,34.84000015258789,35.06999969482422,34.65999984741211,35.060001373291016,34.596435546875,37956100,0.009169109534761674,0.2279791042497291
2020-01-14,35.29999923706055,35.66999816894531,35.11000061035156,35.31999969482422,34.852996826171875,66719300,0.007388448432622617,0.2277571855262063
2020-01-15,34.77000045776367,34.790000915527344,34.34000015258789,34.66999816894531,34.211585998535156,74745500,-0.018574660212324637,0.22853838124578665
2020-01-16,34.900001525878906,34.9900016784668,34.599998474121094,34.720001220703125,34.260929107666016,50368500,0.0014412180675252616,0.2180851492546094
2020-01-17,34.91999816894531,34.95000076293945,34.599998474121094,34.709999084472656,34.25105667114258,54156100,-0.00028812145342646577,0.21733639563619325
2020-01-21,34.41999816894531,34.52000045776367,34.220001220703125,34.2599983215332,33.8070068359375,50811000,-0.013049359593275441,0.2175413460186265
2020-01-22,34.369998931884766,34.45000076293945,34.22999954223633,34.36000061035156,33.90568923950195,38879700,0.0029146709755405696,0.21741163301448183
2020-01-23,34.09000015258789,34.2599983215332,33.72999954223633,34.119998931884766,33.668861389160156,45717100,-0.00700942356067666,0.21744924712514263
2020-01-24,34.119998931884766,34.13999938964844,33.27000045776367,33.540000915527344,33.096534729003906,47797200,-0.017144907627167007,0.21812048214093066
2020-01-27,32.56999969482422,33.130001068115234,32.470001220703125,32.849998474121094,32.4156494140625,57096200,-0.02078708521091611,0.21853122704199612
2020-01-28,33.02000045776367,33.4900016784668,32.95000076293945,33.2400016784668,32.800498962402344,38834600,0.011802322001909301,0.2188241900810672
2020-01-29,33.33000183105469,33.439998626708984,32.97999954223633,33.0099983215332,32.57353591918945,37414700,-0.006943525464758728,0.21878054867397448
2020-01-30,32.70000076293945,33.52000045776367,32.66999816894531,33.47999954223633,33.037322998046875,50542800,0.014137736930646131,0.21890533265732914
2020-01-31,33.06999969482422,33.16999816894531,32.650001525878906,32.83000183105469,32.39591979980469,54845300,-0.019605444661199307,0.2187860544030618
2020-02-03,33.0,33.400001525878906,32.91999816894531,32.970001220703125,32.53406524658203,48508200,0.004255306820976497,0.2187848408449618
2020-02-04,33.560001373291016,33.900001525878906,33.529998779296875,33.619998931884766,33.17546844482422,45061600,0.0195230021019345,0.21895380361561304
2020-02-05,34.099998474121094,34.810001373291016,34.06999969482422,34.709999084472656,34.25105667114258,54604800,0.03190670728698646,0.22114013765823484
2020-02-06,34.939998626708984,35.0099983215332,34.599998474121094,34.66999816894531,34.211585998535156,39511500,-0.0011530966140988303,0.22113431188585056
2020-02-07,34.31999969482422,34.65999984741211,34.2400016784668,34.61000061035156,34.152381896972656,31263000,-0.0017320316007493168,0.22041363924657334
2020-02-10,34.439998626708984,34.689998626708984,34.380001068115234,34.689998626708984,34.2313232421875,24373800,0.002308746111764636,0.22041666476560612
2020-02-11,34.849998474121094,35.040000915527344,34.7599983215332,34.77000045776367,34.310264587402344,32476300,0.0023035377911088616,0.22039502274483513
2020-02-12,35.08000183105469,35.45000076293945,34.779998779296875,34.91999816894531,34.458282470703125,36656700,0.0043047193504508075,0.22023791227524217
2020-02-13,34.7599983215332,35.029998779296875,34.54999923706055,34.90999984741211,34.44841384887695,31775100,-0.00028636178964764936,0.22024007554098826
2020-02-14,34.880001068115234,34.959999084472656,34.70000076293945,34.849998474121094,34.38920593261719,26447700,-0.0017202233237059675,0.21994465165270205
2020-02-18,34.77000045776367,34.83000183105469,34.0099983215332,34.27000045776367,33.81687927246094,40318000,-0.016782744178265262,0.21929443443731053
2020-02-19,34.45000076293945,34.849998474121094,34.40999984741211,34.720001220703125,34.260929107666016,29632100,0.013045575706568991,0.2196446260497994
2020-02-20,34.459999084472656,35.08000183105469,34.459999084472656,34.849998474121094,34.38920593261719,42604100,0.003737168471696401,0.21948559211160787
2020-02-21,34.529998779296875,34.63999938964844,34.13999938964844,34.36000061035156,33.90568923950195,46675500,-0.01415997854285767,0.2199355858502781
2020-02-24,33.18000030517578,33.209999084472656,32.52000045776367,32.72999954223633,32.297237396240234,79159600,-0.04860104035245638,0.22524873496381892
2020-02-25,32.689998626708984,32.7599983215332,30.84000015258789,31.079999923706055,30.669057846069336,91586800,-0.0517275514823447,0.23113236325193995
2020-02-26,31.389999389648438,31.600000381469727,30.559999465942383,30.6299991607666,30.225006103515625,80012800,-0.014584629599069294,0.23160662888480366
2020-02-27,29.549999237060547,30.299999237060547,28.90999984741211,29.1299991607666,28.74483871459961,121061400,-0.05021135128420913,0.23688230591984272
2020-02-28,28.0,28.75,27.700000762939453,28.5,28.123170852661133,171263600,-0.021864454886803282,0.23739326334286492
2020-03-02,28.350000381469727,29.3799991607666,27.440000534057617,29.3700008392334,28.98166847229004,147776300,0.030069686510434845,0.23917073139016343
2020-03-03,29.3700008392334,29.75,27.6200008392334,27.75,27.383085250854492,138698500,-0.056737933592596136,0.24562993689629029
2020-03-04,28.25,28.420000076293945,27.399999618530273,28.389999389648438,28.014623641967773,111239800,0.022801108793613762,0.24669588289216154
2020-03-05,27.239999771118164,27.350000381469727,26.399999618530273,26.780000686645508,26.594528198242188,110878700,-0.058381583082795695,0.25336201512045853
2020-03-06,25.469999313354492,26.209999084472656,25.100000381469727,25.709999084472656,25.531938552856445,119121200,-0.04077538023524026,0.25639259450877044
2020-03-09,22.229999542236328,23.489999771118164,21.510000228881836,21.93000030517578,21.778118133544922,145196000,-0.1590244093223203,0.30145229617361474
2020-03-10,23.25,23.68000030517578,21.59000015258789,23.610000610351562,23.446483612060547,134863600,0.07381480060312057,0.3104215854020666
2020-03-11,22.84000015258789,23.959999084472656,22.260000228881836,22.670000076293945,22.51299285888672,127347000,-0.04062790906396947,0.3129637221126762
2020-03-12,20.59000015258789,22.8700008392334,20.149999618530273,20.510000228881836,20.367952346801758,139552600,-0.10012988464103896,0.3280225860026198
2020-03-13,22.190000534057617,24.25,21.479999542236328,24.15999984741211,23.992673873901367,128357400,0.16378578350707712,0.36721519754775317
2020-03-16,19.850000381469727,21.729999542236328,19.579999923706055,20.440000534057617,20.298437118530273,121688800,-0.16720457528732338,0.4031452543828279
2020-03-17,21.059999465942383,22.690000534057617,20.030000686645508,21.979999542236328,21.82777214050293,120065700,0.07263913668553566,0.4094615128882114
2020-03-18,20.270000457763672,20.969999313354492,19.700000762939453,20.790000915527344,20.646015167236328,148272500,-0.055660782242272486,0.4130436379719225
2020-03-19,20.260000228881836,21.75,19.0,21.200000762939453,21.05317497253418,122461300,0.019529071758846238,0.4122178769909401
2020-03-20,21.760000228881836,21.84000015258789,19.559999465942383,19.670000076293945,19.533769607543945,150910400,-0.07490658138601278,0.41849640984109815
2020-03-23,19.260000228881836,19.670000076293945,17.950000762939453,18.079999923706055,17.954782485961914,181898500,-0.08428828553543087,0.4246642410705725
2020-03-24,19.420000076293945,21.149999618530273,19.010000228881836,21.030000686645508,20.88435173034668,147882400,0.15114367162113643,0.4512648389581404
2020-03-25,21.709999084472656,22.100000381469727,20.40999984741211,21.100000381469727,20.953866958618164,146991300,0.0033230361957854956,0.45104574492664856
2020-03-26,21.309999465942383,22.950000762939453,21.170000076293945,22.719999313354492,22.562646865844727,116111400,0.07397250506972212,0.45719714254725324
2020-03-27,21.68000030517578,22.200000762939453,21.100000381469727,21.600000381469727,21.450403213500977,91522800,-0.05055223128012213,0.45975239470890245
2020-03-30,21.649999618530273,22.350000381469727,21.270000457763672,22.040000915527344,21.887357711791992,80449100,0.020165693473311288,0.46011969292442284
2020-03-31,21.81999969482422,22.489999771118164,20.959999084472656,21.229999542236328,21.082965850830078,95213700,-0.0374437716710152,0.46023830808539934
2020-04-01,19.93000030517578,20.350000381469727,19.510000228881836,19.770000457763672,19.63307762145996,83961300,-0.07124959381606578,0.4653611157035239
2020-04-02,19.649999618530273,20.790000915527344,19.59000015258789,20.56999969482422,20.427536010742188,70007400,0.039668028491916515,0.4671786796807754
2020-04-03,20.399999618530273,20.739999771118164,19.68000030517578,20.030000686645508,19.891277313232422,68293500,-0.02660250487032117,0.46770258113558266
2020-04-06,21.030000686645508,21.600000381469727,20.809999465942383,21.389999389648438,21.241857528686523,97766200,0.06569231060129853,0.4725015304441127
2020-04-07,22.799999237060547,22.8799991607666,21.850000381469727,22.139999389648438,21.986663818359375,94560300,0.034462405152790226,0.47382839960185913
2020-04-08,22.40999984741211,23.600000381469727,22.40999984741211,23.450000762939453,23.2875919342041,81212300,0.05748462771435022,0.4773543180623102
2020-04-09,24.06999969482422,25.31999969482422,24.049999237060547,24.860000610351562,24.68782615661621,125414800,0.05838958320709655,0.4809648951774606
2020-04-13,24.780000686645508,24.850000381469727,23.780000686645508,23.920000076293945,23.754335403442383,83164700,-0.03854517836213877,0.4824571600389299
2020-04-14,24.5,24.649999618530273,23.100000381469727,23.729999542236328,23.565650939941406,88991100,-0.007974881114809719,0.4810047609168378
2020-04-15,22.15999984741211,22.649999618530273,21.90999984741211,22.190000534057617,22.036317825317383,99082200,-0.06709829014517459,0.48543216178167764
2020-04-16,22.149999618530273,22.209999084472656,21.09000015258789,21.420000076293945,21.271650314331055,89213300,-0.03531669243058134,0.48662403339622307
2020-04-17,22.34000015258789,23.399999618530273,22.309999465942383,23.280000686645508,23.1187686920166,92800300,0.08326958377690705,0.4938850019209204
2020-04-20,22.56999969482422,23.1299991607666,22.18000030517578,22.5,22.34416961669922,74446300,-0.03407934314794419,0.4949895553232207
2020-04-21,21.899999618530273,22.3700008392334,21.5,21.639999389648438,21.49012565612793,78871300,-0.03897188343687979,0.4964288847617931
2020-04-22,22.15999984741211,22.229999542236328,21.75,21.799999237060547,21.649017333984375,49759100,0.007366509024325309,0.49650078221780913
2020-04-23,21.959999084472656,22.389999389648438,21.850000381469727,21.8700008392334,21.718534469604492,50614800,0.0032059382645821936,0.4965208468510439
2020-04-24,22.110000610351562,22.299999237060547,21.670000076293945,22.18000030517578,22.026386260986328,47675700,0.014075122618871085,0.4967471697635267
2020-04-27,22.520000457763672,23.649999618530273,22.450000762939453,23.469999313354492,23.307451248168945,66916700,0.056531984925352274,0.49999269832894483
2020-04-28,24.450000762939453,24.809999465942383,23.850000381469727,23.889999389648438,23.72454261779785,65504900,0.017736955182680477,0.5001270103767942
2020-04-29,24.90999984741211,25.110000610351562,24.510000228881836,24.780000686645508,24.608379364013672,73493900,0.03657696812135552,0.5015084000896741
2020-04-30,24.209999084472656,24.3799991607666,23.850000381469727,24.049999237060547,23.883434295654297,55132400,-0.029901939081945886,0.502258186495982
2020-05-01,23.3799991607666,23.459999084472656,22.809999465942383,23.079999923706055,22.92015266418457,51772600,-0.04116852649444693,0.5037884768647978
2020-05-04,22.700000762939453,22.989999771118164,22.43000030517578,22.93000030517578,22.77119255065918,45886100,-0.006520328155437641,0.503753716275985
2020-05-05,23.479999542236328,23.520000457763672,22.6200008392334,22.65999984741211,22.503061294555664,45691900,-0.011844861312769952,0.5038228781944487
2020-05-06,23.0,23.079999923706055,22.229999542236328,22.350000381469727,22.195209503173828,53874600,-0.013774910738486587,0.5036916448935077
2020-05-07,22.65999984741211,23.3700008392334,22.610000610351562,22.84000015258789,22.68181610107422,51884300,0.021687053340965767,0.5042007297999951
2020-05-08,23.469999313354492,23.6200008392334,23.25,23.56999969482422,23.40675926208496,45250000,0.03146131253186344,0.505243805100626
2020-05-11,23.110000610351562,23.1200008392334,22.559999465942383,22.579999923706055,22.423616409301758,68718200,-0.04291014865771608,0.5069749824985373
2020-05-12,22.709999084472656,22.81999969482422,21.850000381469727,21.8700008392334,21.718534469604492,69588700,-0.031948682280285266,0.5059179609568261
2020-05-13,21.65999984741211,21.75,20.719999313354492,20.8700008392334,20.725460052490234,112113400,-0.04680311176086438,0.5077853760390346
2020-05-14,20.290000915527344,21.790000915527344,20.100000381469727,21.709999084472656,21.559640884399414,88359100,0.039460180417895056,0.5093057544267542
2020-05-15,21.399999618530273,21.700000762939453,21.229999542236328,21.440000534057617,21.29151153564453,64484000,-0.012514580607428234,0.5093006031257927
2020-05-18,22.420000076293945,23.059999465942383,22.06999969482422,22.93000030517578,22.77119255065918,86699200,0.06718774906682619,0.5138309841703804
2020-05-19,22.65999984741211,23.0,22.190000534057617,22.209999084472656,22.056177139282227,62179000,-0.03190351349389791,0.514767644419362
2020-05-20,22.68000030517578,23.0,22.639999389648438,22.90999984741211,22.751331329345703,59789500,0.031030893120153013,0.5156432910197712
2020-05-21,22.809999465942383,23.270000457763672,22.780000686645508,22.899999618530273,22.74139976501465,57726000,-0.00043659590295877103,0.5156070685729619
2020-05-22,22.93000030517578,22.950000762939453,22.459999084472656,22.65999984741211,22.503061294555664,48107000,-0.010535645036066184,0.515084005346347
2020-05-26,23.75,24.600000381469727,23.700000762939453,24.280000686645508,24.11184310913086,119485500,0.06905174560552893,0.5195652526450428
2020-05-27,26.06999969482422,26.170000076293945,24.969999313354492,25.979999542236328,25.800067901611328,117672700,0.06767399915101466,0.5239409339573736
2020-05-28,26.079999923706055,26.139999389648438,24.790000915527344,24.860000610351562,24.68782615661621,84340800,-0.044066882988488563,0.5257438728574493
2020-05-29,24.420000076293945,24.90999984741211,24.059999465942383,24.1200008392334,23.952951431274414,113923800,-0.03021870398104398,0.5261670766837014
2020-06-01,24.280000686645508,24.8700008392334,24.049999237060547,24.610000610351562,24.439558029174805,58375500,0.02011148255084961,0.5261693044227056
2020-06-02,24.959999084472656,25.389999389648438,24.559999465942383,24.84000015258789,24.667964935302734,71118100,0.009302374004186032,0.5262468116828414
2020-06-03,25.5,26.139999389648438,25.389999389648438,25.989999771118164,25.809999465942383,86744600,0.04525657663875638,0.526231798244985
2020-06-04,25.709999084472656,26.829999923706055,25.56999969482422,26.780000686645508,26.780000686645508,94545300,0.029943526056397454,0.5270992323056226
2020-06-05,28.950000762939453,29.010000228881836,27.8799991607666,28.110000610351562,28.110000610351562,118767900,0.04847004072814781,0.5293370198918758
2020-06-08,28.59000015258789,28.899999618530273,28.139999389648438,28.540000915527344,28.540000915527344,79598500,0.015181237496023991,0.5293995955832561
2020-06-09,27.719999313354492,28.540000915527344,27.549999237060547,28.219999313354492,28.219999313354492,77773400,-0.011275722034640688,0.5291670849701443
2020-06-10,27.969999313354492,28.100000381469727,26.510000228881836,26.600000381469727,26.600000381469727,90415300,-0.05911969196417234,0.5324247516918897
2020-06-11,24.979999542236328,25.690000534057617,23.68000030517578,23.93000030517578,23.93000030517578,149875500,-0.10577831545548518,0.5426978591189191
2020-06-12,25.030000686645508,25.049999237060547,24.040000915527344,24.780000686645508,24.780000686645508,73678900,0.03490398923752613,0.5438590410373253
2020-06-15,23.760000228881836,25.170000076293945,23.690000534057617,25.149999618530273,25.149999618530273,76365000,0.014820977467304293,0.5440594003248062
